type_id,name,volume,packaged_volume,mass,market_group_id,icon_id,group_id,capacity
18,Plagioclase,0.35,0.35,1e+35,516,230,458,0.0
19,Spodumain,16.0,16.0,1e+35,517,1274,461,0.0
20,Kernite,1.2,1.2,1e+35,523,1270,457,0.0
21,Hedbergite,3.0,3.0,1e+35,527,1269,454,0.0
22,Arkonor,16.0,16.0,1e+35,512,1277,450,0.0
34,Tritanium,0.01,0.01,0.0,1857,22,18,0.0
35,Pyerite,0.01,0.01,0.0,1857,400,18,0.0
36,Mexallon,0.01,0.01,0.0,1857,401,18,0.0
37,Isogen,0.01,0.01,0.0,1857,402,18,0.0
38,Nocxium,0.01,0.01,0.0,1857,1201,18,0.0
39,Zydrine,0.01,0.01,0.0,1857,404,18,0.0
40,Megacyte,0.01,0.01,0.0,1857,405,18,0.0
41,Garbage,0.25,0.25,2500.0,20,1179,280,0.0
42,Spiced Wine,0.5,0.5,500.0,492,27,280,0.0
43,Antibiotics,0.2,0.2,5.0,492,28,280,0.0
44,Enriched Uranium,0.75,0.75,0.0,1335,29,1034,0.0
45,Frozen Plant Seeds,0.5,0.5,400.0,492,1200,281,0.0
178,Carbonized Lead S,0.0025,0.0025,0.01,113,1004,83,0.0
179,Nuclear S,0.0025,0.0025,0.01,113,1288,83,0.0
180,Proton S,0.0025,0.0025,0.01,113,1290,83,0.0
181,Depleted Uranium S,0.0025,0.0025,0.01,113,1285,83,0.0
182,Titanium Sabot S,0.0025,0.0025,0.01,113,1291,83,0.0
183,Fusion S,0.0025,0.0025,0.01,113,1287,83,0.0
184,Phased Plasma S,0.0025,0.0025,0.01,113,1289,83,0.0
185,EMP S,0.0025,0.0025,0.01,113,1286,83,0.0
186,Carbonized Lead M,0.0125,0.0125,1.0,112,1292,83,0.0
187,Nuclear M,0.0125,0.0125,1.0,112,1296,83,0.0
188,Proton M,0.0125,0.0125,1.0,112,1298,83,0.0
189,Depleted Uranium M,0.0125,0.0125,1.0,112,1293,83,0.0
190,Titanium Sabot M,0.0125,0.0125,1.0,112,1299,83,0.0
191,Fusion M,0.0125,0.0125,1.0,112,1295,83,0.0
192,Phased Plasma M,0.0125,0.0125,1.0,112,1297,83,0.0
193,EMP M,0.0125,0.0125,1.0,112,1294,83,0.0
194,Carbonized Lead L,0.025,0.025,1.0,109,1300,83,0.0
195,Nuclear L,0.025,0.025,1.0,109,1304,83,0.0
196,Proton L,0.025,0.025,1.0,109,1306,83,0.0
197,Depleted Uranium L,0.025,0.025,1.0,109,1301,83,0.0
198,Titanium Sabot L,0.025,0.025,1.0,109,1307,83,0.0
199,Fusion L,0.025,0.025,1.0,109,1303,83,0.0
200,Phased Plasma L,0.025,0.025,1.0,109,1305,83,0.0
201,EMP L,0.025,0.025,1.0,109,1302,83,0.0
202,Mjolnir Cruise Missile,0.05,0.05,1250.0,921,182,386,0.0
203,Scourge Cruise Missile,0.05,0.05,1250.0,921,183,386,0.0
204,Inferno Cruise Missile,0.05,0.05,1250.0,921,184,386,0.0
205,Nova Cruise Missile,0.05,0.05,1250.0,921,185,386,0.0
206,Nova Heavy Missile,0.03,0.03,1000.0,924,186,385,0.0
207,Mjolnir Heavy Missile,0.03,0.03,1000.0,924,187,385,0.0
208,Inferno Heavy Missile,0.03,0.03,1000.0,924,188,385,0.0
209,Scourge Heavy Missile,0.03,0.03,1000.0,924,189,385,0.0
210,Scourge Light Missile,0.015,0.015,700.0,920,190,384,0.0
211,Inferno Light Missile,0.015,0.015,700.0,920,191,384,0.0
212,Mjolnir Light Missile,0.015,0.015,700.0,920,192,384,0.0
213,Nova Light Missile,0.015,0.015,700.0,920,193,384,0.0
215,Iron Charge S,0.0025,0.0025,0.01,107,1311,85,0.0
216,Tungsten Charge S,0.0025,0.0025,0.01,107,1315,85,0.0
217,Iridium Charge S,0.0025,0.0025,0.01,107,1310,85,0.0
218,Lead Charge S,0.0025,0.0025,0.01,107,1312,85,0.0
219,Thorium Charge S,0.0025,0.0025,0.01,107,1314,85,0.0
220,Uranium Charge S,0.0025,0.0025,0.01,107,1316,85,0.0
221,Plutonium Charge S,0.0025,0.0025,0.01,107,1313,85,0.0
222,Antimatter Charge S,0.0025,0.0025,0.01,107,1047,85,0.0
223,Iron Charge M,0.0125,0.0125,0.05,108,1319,85,0.0
224,Tungsten Charge M,0.0125,0.0125,0.05,108,1323,85,0.0
225,Iridium Charge M,0.0125,0.0125,0.05,108,1318,85,0.0
226,Lead Charge M,0.0125,0.0125,0.05,108,1320,85,0.0
227,Thorium Charge M,0.0125,0.0125,0.05,108,1322,85,0.0
228,Uranium Charge M,0.0125,0.0125,0.05,108,1324,85,0.0
229,Plutonium Charge M,0.0125,0.0125,0.05,108,1321,85,0.0
230,Antimatter Charge M,0.0125,0.0125,0.05,108,1317,85,0.0
231,Iron Charge L,0.025,0.025,0.1,106,1327,85,0.0
232,Tungsten Charge L,0.025,0.025,0.1,106,1331,85,0.0
233,Iridium Charge L,0.025,0.025,0.1,106,1326,85,0.0
234,Lead Charge L,0.025,0.025,0.1,106,1328,85,0.0
235,Thorium Charge L,0.025,0.025,0.1,106,1330,85,0.0
236,Uranium Charge L,0.025,0.025,0.1,106,1332,85,0.0
237,Plutonium Charge L,0.025,0.025,0.1,106,1329,85,0.0
238,Antimatter Charge L,0.025,0.025,0.1,106,1325,85,0.0
239,Radio S,1.0,1.0,1.0,102,1145,86,0.0
240,Microwave S,1.0,1.0,1.0,102,1143,86,0.0
241,Infrared S,1.0,1.0,1.0,102,1144,86,0.0
242,Standard S,1.0,1.0,1.0,102,1142,86,0.0
243,Ultraviolet S,1.0,1.0,1.0,102,1141,86,0.0
244,Xray S,1.0,1.0,1.0,102,1140,86,0.0
245,Gamma S,1.0,1.0,1.0,102,1139,86,0.0
246,Multifrequency S,1.0,1.0,1.0,102,1131,86,0.0
247,Radio M,1.0,1.0,1.0,103,1145,86,0.0
248,Microwave M,1.0,1.0,1.0,103,1143,86,0.0
249,Infrared M,1.0,1.0,1.0,103,1144,86,0.0
250,Standard M,1.0,1.0,1.0,103,1142,86,0.0
251,Ultraviolet M,1.0,1.0,1.0,103,1141,86,0.0
252,Xray M,1.0,1.0,1.0,103,1140,86,0.0
253,Gamma M,1.0,1.0,1.0,103,1139,86,0.0
254,Multifrequency M,1.0,1.0,1.0,103,1131,86,0.0
255,Radio L,1.0,1.0,1.0,105,1145,86,0.0
256,Microwave L,1.0,1.0,1.0,105,1143,86,0.0
257,Infrared L,1.0,1.0,1.0,105,1144,86,0.0
258,Standard L,1.0,1.0,1.0,105,1142,86,0.0
259,Ultraviolet L,1.0,1.0,1.0,105,1141,86,0.0
260,Xray L,1.0,1.0,1.0,105,1140,86,0.0
261,Gamma L,1.0,1.0,1.0,105,1139,86,0.0
262,Multifrequency L,1.0,1.0,1.0,105,1131,86,0.0
263,Cap Booster 25,1.0,1.0,2.5,139,1033,87,0.0
264,Cap Booster 50,2.0,2.0,5.0,139,1033,87,0.0
265,Heavy Defender Missile I,0.03,0.03,1000.0,,187,1158,0.0
266,Scourge Rocket,0.005,0.005,100.0,922,1350,387,0.0
267,Scourge Torpedo,0.05,0.05,1500.0,923,1346,89,0.0
269,Mjolnir Auto-Targeting Light Missile I,0.015,0.015,700.0,914,1336,394,0.0
377,Small Shield Extender I,5.0,5.0,0.0,605,1044,38,0.0
380,Small Shield Extender II,5.0,5.0,0.0,605,1044,38,0.0
393,Shield Recharger I,5.0,5.0,0.0,126,26451,39,1.0
394,Shield Recharger II,5.0,5.0,0.0,126,26451,39,1.0
399,Small Shield Booster I,5.0,5.0,0.0,609,84,40,0.0
400,Small Shield Booster II,5.0,5.0,0.0,609,84,40,0.0
405,'Micro' Remote Shield Booster,2.5,2.5,0.0,603,86,41,0.0
421,'Basic' Capacitor Recharger,5.0,5.0,1.0,665,26457,43,0.0
434,5MN Microwarpdrive I,10.0,10.0,0.0,131,10149,46,0.0
438,1MN Afterburner II,5.0,5.0,0.0,542,96,46,0.0
439,1MN Afterburner I,5.0,5.0,0.0,542,96,46,0.0
440,5MN Microwarpdrive II,10.0,10.0,0.0,131,10149,46,0.0
442,Cargo Scanner I,5.0,5.0,0.0,711,106,47,0.0
443,Ship Scanner I,5.0,5.0,0.0,713,107,48,0.0
444,Mining Survey Chipset I,5.0,5.0,0.0,714,2732,49,0.0
447,Warp Scrambler I,5.0,5.0,0.0,1936,3433,52,0.0
448,Warp Scrambler II,5.0,5.0,0.0,1936,3433,52,0.0
450,Gatling Pulse Laser I,5.0,5.0,500.0,570,350,53,1.0
451,Dual Light Pulse Laser I,5.0,5.0,500.0,570,350,53,1.0
452,Dual Light Beam Laser I,5.0,5.0,500.0,567,352,53,1.0
453,Small Focused Pulse Laser I,5.0,5.0,500.0,570,350,53,1.0
454,Small Focused Beam Laser I,5.0,5.0,500.0,567,352,53,1.0
455,Quad Light Beam Laser I,10.0,10.0,1000.0,568,355,53,1.0
456,Focused Medium Pulse Laser I,10.0,10.0,1000.0,572,356,53,1.0
457,Focused Medium Beam Laser I,10.0,10.0,1000.0,568,355,53,1.0
458,Heavy Pulse Laser I,25.0,25.0,1000.0,572,356,53,1.0
459,Heavy Beam Laser I,25.0,25.0,1000.0,568,355,53,1.0
460,Dual Heavy Pulse Laser I,20.0,20.0,2000.0,573,360,53,1.0
461,Dual Heavy Beam Laser I,50.0,50.0,2000.0,569,361,53,1.0
462,Mega Pulse Laser I,50.0,50.0,2000.0,573,360,53,1.0
463,Mega Beam Laser I,50.0,50.0,2000.0,569,361,53,1.0
464,Tachyon Beam Laser I,50.0,50.0,2000.0,569,361,53,1.0
482,Miner II,5.0,5.0,0.0,1039,1061,54,0.0
483,Miner I,5.0,5.0,0.0,1039,1061,54,0.0
484,125mm Gatling AutoCannon I,5.0,5.0,500.0,574,387,55,0.5
485,150mm Light AutoCannon I,5.0,5.0,500.0,574,387,55,0.4
486,200mm AutoCannon I,5.0,5.0,500.0,574,387,55,0.3
487,250mm Light Artillery Cannon I,5.0,5.0,500.0,577,389,55,0.1
488,280mm Howitzer Artillery I,5.0,5.0,500.0,577,389,55,0.05
489,Dual 180mm AutoCannon I,10.0,10.0,1000.0,575,386,55,2.5
490,220mm Vulcan AutoCannon I,10.0,10.0,1000.0,575,386,55,2.0
491,425mm AutoCannon I,10.0,10.0,1000.0,575,386,55,1.5
492,650mm Artillery Cannon I,25.0,25.0,125.0,578,384,55,0.5
493,720mm Howitzer Artillery I,25.0,25.0,50.0,578,384,55,0.25
494,Dual 425mm AutoCannon I,20.0,20.0,200.0,576,381,55,5.0
495,Dual 650mm Repeating Cannon I,50.0,50.0,2000.0,576,381,55,4.0
496,800mm Repeating Cannon I,25.0,25.0,75.0,576,381,55,3.0
497,1200mm Artillery Cannon I,50.0,50.0,2000.0,579,379,55,1.0
498,1400mm Howitzer Artillery I,50.0,50.0,2000.0,579,379,55,0.5
499,Light Missile Launcher I,5.0,5.0,0.0,640,168,509,0.6
501,Heavy Missile Launcher I,10.0,10.0,0.0,642,169,510,0.9
503,Torpedo Launcher I,20.0,20.0,0.0,644,170,508,1.5
506,'Basic' Capacitor Power Relay,5.0,5.0,20.0,667,26455,767,0.0
508,'Basic' Shield Flux Coil,5.0,5.0,20.0,687,26449,770,0.0
509,'Basic' Capacitor Flux Coil,5.0,5.0,20.0,666,26456,768,0.0
518,'Basic' Gyrostabilizer,5.0,5.0,0.0,646,26452,59,0.0
519,Gyrostabilizer II,5.0,5.0,0.0,646,26452,59,0.0
520,Gyrostabilizer I,5.0,5.0,0.0,646,26452,59,0.0
521,'Basic' Damage Control,5.0,5.0,5000.0,615,77,60,0.0
522,'Micro' Cap Battery,2.5,2.5,0.0,702,89,61,0.0
523,Small Armor Repairer I,5.0,5.0,500.0,1049,80,62,0.0
524,Small Hull Repairer I,12.5,12.5,1000.0,1053,21378,63,0.0
526,Stasis Webifier I,5.0,5.0,0.0,683,1284,65,0.0
527,Stasis Webifier II,5.0,5.0,0.0,683,1284,65,0.0
529,Small Remote Capacitor Transmitter I,5.0,5.0,1000.0,695,1035,67,0.0
530,Small Energy Nosferatu I,5.0,5.0,1000.0,692,1029,68,0.0
533,Small Energy Neutralizer I,5.0,5.0,2000.0,689,1283,71,0.0
561,75mm Gatling Rail I,5.0,5.0,500.0,564,349,74,0.5
562,Light Electron Blaster I,5.0,5.0,500.0,561,376,74,0.5
563,Light Ion Blaster I,5.0,5.0,500.0,561,376,74,0.3
564,Light Neutron Blaster I,5.0,5.0,500.0,561,376,74,0.2
565,150mm Railgun I,5.0,5.0,500.0,564,349,74,0.1
566,Heavy Electron Blaster I,10.0,10.0,2000.0,562,371,74,2.5
